payer_id,age,annual_income_cad,employment_status,marital_status,city,province,loan_amount,interest_rate,loan_term_years,loan_term_months,current_balance,loan_status,monthly_payment,origination_date,maturity_date,delinquency_risk,lender,institution_name,institution_city,institution_province,program_name,field_of_study,program_type,program_difficulty,program_duration_years,graduation_rate,employment_rate_percent,average_starting_salary,total_payments_made,avg_payment_amount,late_payment_count,missed_payment_count,last_payment_date,income_category,age_group,remaining_balance_pct,payment_to_income_ratio_pct,campaign_priority,program_difficulty_label
56,31,0,Unemployed,Common-law,Toronto,Ontario,408129.13,5.101,20,240,347464.58,Active,2716.29,2021-09-08,2041-09-08,2.0,BMO Student Banking Program,Dalhousie University,Halifax,Nova Scotia,,,,,,,,,47,1850.34,0,0,2023-12-01,Low Income,Young Professional (25-34),85.14,inf,Immediate Intervention,Difficulty nan
802,27,15564,Part-time,Common-law,Red Deer,Alberta,375468.52,3.251,25,300,295855.98,Active,1829.92,2018-08-08,2043-08-08,2.0,Bank of Montreal,Carleton University,Ottawa,Ontario,Physics,Science,Bachelor's,3.0,4.0,73.4,73.4,52697.17,14,1699.2114285714285,0,1,2023-11-02,Low Income,Young Professional (25-34),78.8,141.09,Immediate Intervention,High Difficulty
530,24,0,Unemployed,Common-law,Toronto,Ontario,373733.07,7.348,25,300,355667.67,Active,2725.01,2022-03-08,2047-03-08,2.0,Bank of Montreal,University of Manitoba,Winnipeg,Manitoba,,,,,,,,,47,1661.9,0,0,2023-12-02,Low Income,Young Adult (18-24),95.17,inf,Immediate Intervention,Difficulty nan
742,25,15509,Part-time,Widowed,Victoria,British Columbia,362919.33,6.649,20,240,319252.39,Active,2737.76,2020-12-08,2040-12-08,2.0,Bank of Montreal,Queen's University,Kingston,Ontario,,,,,,,,,47,4235.63,0,0,2023-12-07,Low Income,Young Professional (25-34),87.97,211.83,Immediate Intervention,Difficulty nan
165,38,0,Unemployed,Married,Calgary,Alberta,359464.88,3.246,15,180,209341.22,Active,2525.15,2019-03-08,2034-03-08,2.0,Provincial Student Aid,University of Manitoba,Winnipeg,Manitoba,Network Administration,Technology,Certificate,2.0,2.0,79.4,79.4,53377.98,23,2525.15,0,0,2023-12-03,Low Income,Mid-Career (35-49),58.24,inf,Immediate Intervention,Medium Difficulty
520,43,0,Unemployed,Married,Brandon,Manitoba,357969.9,3.562,15,180,239026.2,Active,2569.98,2020-06-08,2035-06-08,2.0,National Bank of Canada,University of Victoria,Victoria,British Columbia,Mathematics,Science,Bachelor's,3.0,4.0,73.0,73.0,59771.34,2,2569.98,0,0,2023-12-03,Low Income,Mid-Career (35-49),66.77,inf,Immediate Intervention,High Difficulty
925,40,22292,Part-time,Common-law,Steinbach,Manitoba,346677.49,4.739,20,240,305001.15,Active,2238.23,2021-08-08,2041-08-08,2.0,BMO Student Banking Program,Memorial University,St. John's,Newfoundland,,,,,,,,,47,4342.57,0,0,2023-12-03,Low Income,Mid-Career (35-49),87.98,120.49,Immediate Intervention,Difficulty nan
978,37,64348,Full-time,Common-law,Winnipeg,Manitoba,335802.12,11.659,25,300,319757.72,Active,3452.43,2020-08-08,2045-08-08,2.0,National Bank of Canada,Queen's University,Kingston,Ontario,Aerospace Engineering,Engineering,Bachelor's,3.0,4.0,80.0,80.0,74705.15,19,3452.43,0,0,2023-12-03,Medium Income,Mid-Career (35-49),95.22,64.38,Immediate Intervention,High Difficulty
962,18,0,Unemployed,Divorced,Red Deer,Alberta,334199.62,8.549,20,240,275470.54,Active,2910.63,2019-01-08,2039-01-08,2.0,National Bank of Canada,University of Alberta,Edmonton,Alberta,Mathematics,Science,Bachelor's,3.0,4.0,73.0,73.0,59771.34,11,2910.63,0,0,2023-12-03,Low Income,Young Adult (18-24),82.43,inf,Immediate Intervention,High Difficulty
980,23,18984,Part-time,Common-law,Quebec City,Quebec,332212.42,10.179,20,240,316013.93,Active,3245.42,2022-07-08,2042-07-08,2.0,National Bank of Canada,York University,Toronto,Ontario,,,,,,,,,47,2982.48,0,0,2023-12-03,Low Income,Young Adult (18-24),95.12,205.15,Immediate Intervention,Difficulty nan
624,39,0,Unemployed,Single,Red Deer,Alberta,330530.98,6.219,15,180,268487.01,In Deferment,2828.47,2021-09-08,2036-09-08,2.0,Bank of Montreal,University of Ottawa,Ottawa,Ontario,Automotive Technology,Technical,Certificate,1.0,2.0,82.5,82.5,43070.11,22,2828.47,0,0,2023-12-01,Low Income,Mid-Career (35-49),81.23,inf,Immediate Intervention,Low Difficulty
616,40,17707,Part-time,Married,Laval,Quebec,328694.91,8.142,15,180,262305.02,Active,3168.18,2020-12-08,2035-12-08,2.0,Provincial Student Aid,McMaster University,Hamilton,Ontario,Electrical Engineering,Engineering,Bachelor's,3.0,4.0,85.3,85.3,71274.04,11,2880.163636363636,0,1,2023-12-03,Low Income,Mid-Career (35-49),79.8,214.71,Immediate Intervention,High Difficulty
121,18,0,Unemployed,Divorced,Laval,Quebec,323828.14,3.377,20,240,273095.63,Active,1857.67,2021-02-08,2041-02-08,2.0,TD Canada Trust,Memorial University,St. John's,Newfoundland,Marketing,Business,Bachelor's,1.0,4.0,82.9,82.9,47788.43,19,1857.67,0,0,2023-12-01,Low Income,Young Adult (18-24),84.33,inf,Immediate Intervention,Low Difficulty
684,26,72710,Full-time,Common-law,Winnipeg,Manitoba,315959.22,3.079,20,240,250808.8,Active,1764.82,2021-01-08,2041-01-08,2.0,Royal Bank of Canada,Ryerson University,Toronto,Ontario,Elementary Education,Education,Bachelor's,2.0,4.0,87.2,87.2,48470.28,11,1764.82,0,0,2023-12-03,High Income,Young Professional (25-34),79.38,29.13,Immediate Intervention,Medium Difficulty
504,26,41680,Full-time,Single,London,Ontario,312746.83,12.307,20,240,306784.4,Active,3510.78,2023-10-08,2043-10-08,2.0,Bank of Nova Scotia,Dalhousie University,Halifax,Nova Scotia,,,,,,,,,47,2933.28,0,0,2023-12-01,Medium Income,Young Professional (25-34),98.09,101.08,Immediate Intervention,Difficulty nan
794,32,24371,Part-time,Married,Laval,Quebec,312365.06,11.562,25,300,290859.53,Active,3189.26,2018-09-08,2043-09-08,2.0,CIBC,University of Waterloo,Waterloo,Ontario,Chemistry,Science,Bachelor's,3.0,4.0,78.3,78.3,54889.19,23,2911.933043478261,0,2,2023-12-02,Low Income,Young Professional (25-34),93.12,157.04,Immediate Intervention,High Difficulty
822,44,48831,Full-time,Married,Red Deer,Alberta,311153.01,3.001,20,240,229645.67,Active,1725.8,2019-11-08,2039-11-08,2.0,Canada Student Loans Program,University of British Columbia,Vancouver,British Columbia,Network Administration,Technology,Certificate,2.0,2.0,79.4,79.4,53377.98,7,1725.8,0,0,2023-12-03,Medium Income,Mid-Career (35-49),73.8,42.41,Immediate Intervention,Medium Difficulty
769,24,0,Unemployed,Common-law,Victoria,British Columbia,310910.96,4.596,15,180,203415.98,Active,2393.73,2018-12-08,2033-12-08,2.0,RBC Student Banking,University of Alberta,Edmonton,Alberta,Accounting,Business,Bachelor's,2.0,4.0,89.0,89.0,56361.99,3,2393.73,0,0,2023-12-02,Low Income,Young Adult (18-24),65.43,inf,Immediate Intervention,Medium Difficulty
315,41,68467,Full-time,Divorced,Calgary,Alberta,310366.09,11.912,25,300,306674.24,Active,3248.69,2024-02-08,2049-02-08,2.0,National Bank of Canada,NAIT,Edmonton,Alberta,,,,,,,,,47,4527.75,0,0,2023-12-01,Medium Income,Mid-Career (35-49),98.81,56.94,Immediate Intervention,Difficulty nan
670,39,43804,Full-time,Widowed,Victoria,British Columbia,308044.48,8.087,20,240,275220.6,Active,2593.31,2021-11-08,2041-11-08,2.0,Canada Student Loans Program,University of Victoria,Victoria,British Columbia,Dental Hygiene,Healthcare,Associate,2.0,2.0,87.2,87.2,61248.37,14,2593.31,0,0,2023-12-07,Medium Income,Mid-Career (35-49),89.34,71.04,Immediate Intervention,Medium Difficulty
598,35,16991,Part-time,Common-law,Mississauga,Ontario,305169.77,7.072,15,180,248440.72,Active,2755.25,2022-01-08,2037-01-08,2.0,Royal Bank of Canada,McMaster University,Hamilton,Ontario,Business Administration,Business,Bachelor's,1.0,4.0,89.0,89.0,55507.95,22,2755.25,0,0,2023-12-08,Low Income,Mid-Career (35-49),81.41,194.59,Immediate Intervention,Low Difficulty
213,20,52265,Full-time,Single,Calgary,Alberta,305050.43,2.771,25,300,241386.13,Active,1410.51,2018-07-08,2043-07-08,2.0,TD Student Line of Credit,University of Manitoba,Winnipeg,Manitoba,Criminal Justice,Social Sciences,Bachelor's,2.0,4.0,82.2,82.2,45869.85,19,1336.2726315789473,0,1,2023-12-03,Medium Income,Young Adult (18-24),79.13,32.39,Immediate Intervention,Medium Difficulty
308,34,0,Unemployed,Widowed,Mississauga,Ontario,303076.94,4.279,15,180,231536.81,Active,2284.43,2021-10-08,2036-10-08,2.0,Canada Student Loans Program,University of Victoria,Victoria,British Columbia,,,,,,,,,47,2520.94,0,0,2023-12-01,Low Income,Young Professional (25-34),76.4,inf,Immediate Intervention,Difficulty nan
198,39,21644,Part-time,Divorced,London,Ontario,302986.87,9.549,15,180,289177.91,Active,3172.83,2024-05-08,2039-05-08,2.0,RBC Student Banking,University of Alberta,Edmonton,Alberta,,,,,,,,,47,2848.1699999999996,0,0,2023-12-01,Low Income,Mid-Career (35-49),95.44,175.91,Immediate Intervention,Difficulty nan
388,23,50223,Full-time,Common-law,Calgary,Alberta,301037.97,4.6259999999999994,15,180,269328.27,Active,2322.35,2023-08-08,2038-08-08,2.0,Bank of Nova Scotia,Memorial University,St. John's,Newfoundland,,,,,,,,,47,4767.65,0,0,2023-12-02,Medium Income,Young Adult (18-24),89.47,55.49,Immediate Intervention,Difficulty nan
118,34,0,Unemployed,Widowed,Ottawa,Ontario,300765.32,4.4559999999999995,20,240,258062.04,Active,1895.65,2022-02-08,2042-02-08,2.0,RBC Student Banking,York University,Toronto,Ontario,,,,,,,,,47,3747.6699999999996,0,0,2023-12-02,Low Income,Young Professional (25-34),85.8,inf,Immediate Intervention,Difficulty nan
44,23,0,Unemployed,Widowed,Ottawa,Ontario,294255.67,4.249,25,300,256743.1,Active,1593.93,2020-09-08,2045-09-08,2.0,Bank of Nova Scotia,University of Calgary,Calgary,Alberta,,,,,,,,,47,3542.3499999999995,0,0,2023-12-02,Low Income,Young Adult (18-24),87.25,inf,Immediate Intervention,Difficulty nan
176,31,0,Unemployed,Divorced,Victoria,British Columbia,293408.6,7.86,15,180,258683.13,Active,2780.3,2022-10-08,2037-10-08,2.0,Royal Bank of Canada,NAIT,Edmonton,Alberta,Human Resources,Business,Bachelor's,1.0,4.0,84.0,84.0,53249.69,7,2780.3,0,0,2023-12-04,Low Income,Young Professional (25-34),88.16,inf,Immediate Intervention,Low Difficulty
94,40,70993,Full-time,Common-law,Calgary,Alberta,293237.59,3.862,20,240,247356.35,Active,1755.71,2021-06-08,2041-06-08,2.0,TD Student Line of Credit,McGill University,Montreal,Quebec,,,,,,,,,47,3563.05,0,0,2023-12-03,High Income,Mid-Career (35-49),84.35,29.68,Immediate Intervention,Difficulty nan
688,37,0,Unemployed,Widowed,Toronto,Ontario,292838.96,9.308,20,240,239913.29,Active,2693.03,2018-07-08,2038-07-08,2.0,Bank of Montreal,University of Calgary,Calgary,Alberta,Master of Science in Engineering,Engineering,Master's,3.0,2.0,93.0,93.0,87004.95,11,2693.03,0,0,2023-12-02,Low Income,Mid-Career (35-49),81.93,inf,Immediate Intervention,High Difficulty
22,29,60809,Full-time,Married,Laval,Quebec,290045.87,5.475,15,180,240631.65,Active,2366.07,2022-09-08,2037-09-08,2.0,RBC Student Banking,McMaster University,Hamilton,Ontario,,,,,,,,,47,3542.09,0,0,2023-12-03,Medium Income,Young Professional (25-34),82.96,46.69,Immediate Intervention,Difficulty nan
779,27,0,Unemployed,Widowed,Montreal,Quebec,287524.71,3.803,15,180,201976.29,Active,2098.51,2020-06-08,2035-06-08,2.0,Canada Student Loans Program,Ryerson University,Toronto,Ontario,General Studies,Liberal Arts,Bachelor's,1.0,4.0,67.6,67.6,39266.48,7,2098.51,0,0,2023-12-02,Low Income,Young Professional (25-34),70.25,inf,Immediate Intervention,Low Difficulty
512,18,61548,Full-time,Widowed,Burnaby,British Columbia,286711.07,3.718,20,240,227729.47,In Forbearance,1695.11,2020-10-08,2040-10-08,2.0,National Bank of Canada,Ryerson University,Toronto,Ontario,,,,,,,,,47,3886.89,0,0,2023-12-03,Medium Income,Young Adult (18-24),79.43,33.05,Immediate Intervention,Difficulty nan
848,38,16753,Part-time,Common-law,Vancouver,British Columbia,285851.53,7.765,15,180,219242.24,Active,2693.11,2020-12-08,2035-12-08,2.0,TD Student Line of Credit,Carleton University,Ottawa,Ontario,,,,,,,,,47,4788.46,0,0,2023-12-08,Low Income,Mid-Career (35-49),76.7,192.9,Immediate Intervention,Difficulty nan
107,42,0,Unemployed,Common-law,Quebec City,Quebec,285162.0,3.929,15,180,178767.86,Active,2099.18,2019-03-08,2034-03-08,2.0,Bank of Nova Scotia,University of Waterloo,Waterloo,Ontario,Biomedical Engineering,Engineering,Bachelor's,3.0,4.0,87.2,87.2,66515.13,11,2099.18,0,0,2023-12-01,Low Income,Mid-Career (35-49),62.69,inf,Immediate Intervention,High Difficulty
336,25,0,Unemployed,Common-law,London,Ontario,284216.44,11.768,15,180,263266.75,In Forbearance,3368.77,2022-09-08,2037-09-08,2.0,Provincial Student Aid,University of Ottawa,Ottawa,Ontario,Chemical Engineering,Engineering,Bachelor's,3.0,4.0,88.5,88.5,73095.5,11,3368.77,0,0,2023-12-02,Low Income,Young Professional (25-34),92.63,inf,Immediate Intervention,High Difficulty
820,26,55121,Full-time,Married,Calgary,Alberta,283073.75,4.216,15,180,217365.43,Active,2124.63,2020-11-08,2035-11-08,2.0,RBC Student Banking,University of Toronto,Toronto,Ontario,Business Administration,Business,Bachelor's,1.0,4.0,89.0,89.0,55507.95,14,2124.63,0,0,2023-12-03,Medium Income,Young Professional (25-34),76.79,46.25,Immediate Intervention,Low Difficulty
43,24,55726,Full-time,Divorced,Montreal,Quebec,282547.77,4.335,25,300,231285.24,Active,1544.15,2019-05-08,2044-05-08,2.0,TD Canada Trust,University of Toronto,Toronto,Ontario,Criminal Justice,Social Sciences,Bachelor's,2.0,4.0,82.2,82.2,45869.85,19,1544.15,0,0,2023-12-01,Medium Income,Young Adult (18-24),81.86,33.25,Immediate Intervention,Medium Difficulty
341,40,59151,Full-time,Married,Surrey,British Columbia,282023.86,8.199,25,300,260819.87,Active,2214.01,2020-05-08,2045-05-08,2.0,Bank of Montreal,Dalhousie University,Halifax,Nova Scotia,,,,,,,,,48,1868.43,0,0,2023-12-02,Medium Income,Mid-Career (35-49),92.48,44.92,Immediate Intervention,Difficulty nan
227,43,24801,Part-time,Married,Ottawa,Ontario,273893.36,5.76,20,240,242586.49,Active,1924.52,2022-06-08,2042-06-08,2.0,Bank of Montreal,University of Ottawa,Ottawa,Ontario,Nursing,Healthcare,Bachelor's,2.0,4.0,92.5,92.5,65996.75,15,1924.52,0,0,2023-12-03,Low Income,Mid-Career (35-49),88.57,93.12,Immediate Intervention,Medium Difficulty
911,18,0,Unemployed,Divorced,Winnipeg,Manitoba,273173.95,6.636,15,180,210091.46,Active,2400.11,2020-05-08,2035-05-08,2.0,Royal Bank of Canada,NAIT,Edmonton,Alberta,Chemistry,Science,Bachelor's,3.0,4.0,78.3,78.3,54889.19,3,2400.11,0,0,2023-12-04,Low Income,Young Adult (18-24),76.91,inf,Immediate Intervention,High Difficulty
683,21,70331,Full-time,Single,Ottawa,Ontario,273118.22,6.62,20,240,239431.82,Active,2055.64,2020-11-08,2040-11-08,2.0,Scotiabank Student Line of Credit,Queen's University,Kingston,Ontario,Business Administration,Business,Bachelor's,1.0,4.0,89.0,89.0,55507.95,23,2055.64,0,0,2023-12-03,High Income,Young Adult (18-24),87.67,35.07,Immediate Intervention,Low Difficulty
63,33,0,Unemployed,Divorced,Hamilton,Ontario,267513.01,3.907,15,180,185653.86,Active,1966.32,2019-10-08,2034-10-08,2.0,Scotiabank Student Line of Credit,University of Saskatchewan,Saskatoon,Saskatchewan,Physics,Science,Bachelor's,3.0,4.0,73.4,73.4,52697.17,10,1966.3200000000002,0,0,2023-12-03,Low Income,Young Professional (25-34),69.4,inf,Immediate Intervention,High Difficulty
348,28,40994,Full-time,Widowed,Edmonton,Alberta,265389.76,8.368,15,180,210325.01,Active,2592.9,2020-05-08,2035-05-08,2.0,Provincial Student Aid,University of Waterloo,Waterloo,Ontario,Marketing,Business,Bachelor's,1.0,4.0,82.9,82.9,47788.43,11,2592.9,0,0,2023-12-07,Medium Income,Young Professional (25-34),79.25,75.9,Immediate Intervention,Low Difficulty
766,44,69154,Full-time,Single,Brandon,Manitoba,265168.92,7.179,20,240,228632.84,Active,2084.44,2021-03-08,2041-03-08,2.0,Royal Bank of Canada,McGill University,Montreal,Quebec,Psychology,Social Sciences,Bachelor's,2.0,4.0,78.4,78.4,44256.05,11,2084.44,0,0,2023-12-03,Medium Income,Mid-Career (35-49),86.22,36.17,Immediate Intervention,Medium Difficulty
331,30,55423,Full-time,Common-law,Surrey,British Columbia,262873.72,3.749,15,180,216497.21,Active,1911.55,2022-12-08,2037-12-08,2.0,RBC Student Banking,McGill University,Montreal,Quebec,,,,,,,,,47,2698.11,0,0,2023-12-05,Medium Income,Young Professional (25-34),82.36,41.39,Immediate Intervention,Difficulty nan
398,22,17886,Part-time,Widowed,Edmonton,Alberta,261444.09,3.763,15,180,187445.64,Active,1902.97,2021-02-08,2036-02-08,2.0,Canada Student Loans Program,University of British Columbia,Vancouver,British Columbia,Physics,Science,Bachelor's,3.0,4.0,73.4,73.4,52697.17,3,1902.97,0,0,2023-12-03,Low Income,Young Adult (18-24),71.7,127.67,Immediate Intervention,High Difficulty
889,39,0,Unemployed,Widowed,London,Ontario,261047.85,3.843,15,180,207888.11,In Deferment,1910.47,2021-12-08,2036-12-08,2.0,TD Student Line of Credit,University of British Columbia,Vancouver,British Columbia,Chemical Engineering,Engineering,Bachelor's,3.0,4.0,88.5,88.5,73095.5,6,1910.47,0,0,2023-12-01,Low Income,Mid-Career (35-49),79.64,inf,Immediate Intervention,High Difficulty
248,31,0,Unemployed,Divorced,Victoria,British Columbia,260979.45,9.84,20,240,234491.48,Active,2490.91,2020-11-08,2040-11-08,2.0,CIBC,Simon Fraser University,Burnaby,British Columbia,Medical Assistant,Healthcare,Certificate,1.0,1.0,86.8,86.8,36563.35,11,2490.91,0,0,2023-12-02,Low Income,Young Professional (25-34),89.85,inf,Immediate Intervention,Low Difficulty
784,27,16300,Part-time,Single,Laval,Quebec,259482.75,4.267,20,240,198802.17,Active,1609.16,2019-06-08,2039-06-08,2.0,Provincial Student Aid,Queen's University,Kingston,Ontario,Juris Doctor (Law),Law,Professional,3.0,3.0,78.8,78.8,75387.23,11,1609.16,0,0,2023-12-01,Low Income,Young Professional (25-34),76.61,118.47,Immediate Intervention,High Difficulty
238,32,20015,Part-time,Single,Mississauga,Ontario,257331.25,4.356,15,180,191900.08,Active,1949.68,2021-06-08,2036-06-08,2.0,Bank of Montreal,Ryerson University,Toronto,Ontario,Social Work,Social Sciences,Bachelor's,2.0,4.0,81.7,81.7,47749.46,19,1949.6799999999998,0,0,2023-12-01,Low Income,Young Professional (25-34),74.57,116.89,Immediate Intervention,Medium Difficulty
954,42,0,Unemployed,Common-law,Winnipeg,Manitoba,256678.17,3.542,15,180,171304.18,Active,1840.25,2020-06-08,2035-06-08,2.0,CIBC,Memorial University,St. John's,Newfoundland,General Studies,Liberal Arts,Bachelor's,1.0,4.0,67.6,67.6,39266.48,7,1840.25,0,0,2023-12-01,Low Income,Mid-Career (35-49),66.74,inf,Immediate Intervention,Low Difficulty
882,32,42807,Full-time,Married,Mississauga,Ontario,254946.29,2.806,20,240,226053.76,Active,1389.3,2023-05-08,2043-05-08,2.0,Bank of Montreal,Queen's University,Kingston,Ontario,,,,,,,,,47,1627.02,0,0,2023-12-01,Medium Income,Young Professional (25-34),88.67,38.95,Immediate Intervention,Difficulty nan
306,25,0,Unemployed,Common-law,Burnaby,British Columbia,253595.61,10.645,15,180,191429.9,Active,2826.08,2020-01-08,2035-01-08,2.0,Bank of Montreal,University of Calgary,Calgary,Alberta,Master of Social Work,Social Sciences,Master's,2.0,2.0,88.4,88.4,55944.69,3,2826.08,0,0,2023-12-01,Low Income,Young Professional (25-34),75.49,inf,Immediate Intervention,Medium Difficulty
161,23,0,Unemployed,Common-law,Hamilton,Ontario,253349.75,8.699,20,240,209420.14,Active,2230.64,2018-07-08,2038-07-08,2.0,Canada Student Loans Program,University of Saskatchewan,Saskatoon,Saskatchewan,Master of Education,Education,Master's,2.0,2.0,89.0,89.0,62772.62,7,2230.64,0,0,2023-12-05,Low Income,Young Adult (18-24),82.66,inf,Immediate Intervention,Medium Difficulty
264,36,0,Unemployed,Married,Lethbridge,Alberta,253223.09,5.444,15,180,175708.37,In Deferment,2061.53,2020-05-08,2035-05-08,2.0,BMO Student Banking Program,Carleton University,Ottawa,Ontario,Dental Hygiene,Healthcare,Associate,2.0,2.0,87.2,87.2,61248.37,7,2061.53,0,0,2023-12-03,Low Income,Mid-Career (35-49),69.39,inf,Immediate Intervention,Medium Difficulty
291,33,19570,Part-time,Married,Calgary,Alberta,251319.98,7.7,15,180,168643.3,Active,2358.42,2019-05-08,2034-05-08,2.0,Bank of Montreal,Concordia University,Montreal,Quebec,Architecture,Design,Bachelor's,3.0,5.0,68.1,68.1,64043.12,2,2358.42,0,0,2023-12-02,Low Income,Young Professional (25-34),67.1,144.61,Immediate Intervention,High Difficulty
88,38,0,Unemployed,Married,Surrey,British Columbia,250870.49,6.145,15,180,250870.49,In Grace Period,2136.69,2026-04-08,2041-04-08,2.0,Bank of Nova Scotia,University of Alberta,Edmonton,Alberta,,,,,,,,,47,2704.45,0,0,2023-12-01,Low Income,Mid-Career (35-49),100.0,inf,Immediate Intervention,Difficulty nan
867,43,53390,Full-time,Common-law,Laval,Quebec,250781.41,7.767,15,180,192351.22,Active,2362.99,2020-07-08,2035-07-08,2.0,RBC Student Banking,Carleton University,Ottawa,Ontario,Pre-Medicine,Science,Bachelor's,3.0,4.0,63.0,63.0,45054.86,18,2362.99,0,0,2023-12-04,Medium Income,Mid-Career (35-49),76.7,53.11,Immediate Intervention,High Difficulty
671,32,19773,Part-time,Single,Winnipeg,Manitoba,249664.5,6.895,15,180,196234.83,Active,2229.42,2021-07-08,2036-07-08,2.0,Provincial Student Aid,University of Saskatchewan,Saskatoon,Saskatchewan,,,,,,,,,47,2661.34,0,0,2023-12-02,Low Income,Young Professional (25-34),78.6,135.3,Immediate Intervention,Difficulty nan
679,21,0,Unemployed,Divorced,Victoria,British Columbia,247482.49,9.369,15,180,211732.56,Active,2564.75,2021-11-08,2036-11-08,2.0,CIBC,University of Calgary,Calgary,Alberta,Master of Education,Education,Master's,2.0,2.0,89.0,89.0,62772.62,10,2564.75,0,0,2023-12-02,Low Income,Young Adult (18-24),85.55,inf,Immediate Intervention,Medium Difficulty
71,26,0,Unemployed,Divorced,Red Deer,Alberta,244290.41,3.931,15,180,195972.12,Active,1798.55,2021-07-08,2036-07-08,2.0,Bank of Nova Scotia,Carleton University,Ottawa,Ontario,Accounting,Business,Bachelor's,2.0,4.0,89.0,89.0,56361.99,19,1798.55,0,0,2023-12-04,Low Income,Young Professional (25-34),80.22,inf,Immediate Intervention,Medium Difficulty
607,22,61544,Full-time,Divorced,Victoria,British Columbia,238173.87,4.034,25,300,212027.81,Active,1261.65,2021-06-08,2046-06-08,2.0,Canada Student Loans Program,Ryerson University,Toronto,Ontario,Mechanical Engineering,Engineering,Bachelor's,3.0,4.0,84.3,84.3,68800.56,23,1261.65,0,0,2023-12-02,Medium Income,Young Adult (18-24),89.02,24.6,Immediate Intervention,High Difficulty
79,33,22120,Part-time,Single,Laval,Quebec,237515.57,6.012,20,240,180123.16,Active,1703.28,2018-12-08,2038-12-08,2.0,Bank of Montreal,University of Toronto,Toronto,Ontario,Mathematics,Science,Bachelor's,3.0,4.0,73.0,73.0,59771.34,19,1703.28,0,0,2023-12-01,Low Income,Young Professional (25-34),75.84,92.4,Immediate Intervention,High Difficulty
294,40,22189,Part-time,Single,Quebec City,Quebec,235175.01,4.754,25,300,231852.17,Active,1341.31,2025-02-08,2050-02-08,2.0,Canada Student Loans Program,Simon Fraser University,Burnaby,British Columbia,,,,,,,,,47,6140.910000000001,0,0,2023-12-02,Low Income,Mid-Career (35-49),98.59,72.54,Immediate Intervention,Difficulty nan
740,24,18255,Part-time,Divorced,Brandon,Manitoba,234595.31,3.997,15,180,224915.89,Active,1734.92,2024-12-08,2039-12-08,2.0,National Bank of Canada,University of Victoria,Victoria,British Columbia,,,,,,,,,46,4631.58,0,0,2023-12-03,Low Income,Young Adult (18-24),95.87,114.05,Immediate Intervention,Difficulty nan
178,34,21768,Part-time,Married,Hamilton,Ontario,234082.78,3.37,15,180,168757.23,Active,1658.51,2021-04-08,2036-04-08,2.0,Royal Bank of Canada,Queen's University,Kingston,Ontario,Elementary Education,Education,Bachelor's,2.0,4.0,87.2,87.2,48470.28,10,1658.5099999999998,0,0,2023-12-01,Low Income,Young Professional (25-34),72.09,91.43,Immediate Intervention,Medium Difficulty
696,28,0,Unemployed,Widowed,Toronto,Ontario,233757.93,3.73,20,240,171666.07,Active,1383.49,2019-06-08,2039-06-08,2.0,Provincial Student Aid,Memorial University,St. John's,Newfoundland,Communications,Liberal Arts,Bachelor's,1.0,4.0,75.2,75.2,43205.15,0,0.0,0,0,Never,Low Income,Young Professional (25-34),73.44,inf,Immediate Intervention,Low Difficulty
64,35,45250,Full-time,Widowed,Calgary,Alberta,233175.43,4.455,15,180,144638.39,Active,1778.42,2019-06-08,2034-06-08,2.0,National Bank of Canada,Carleton University,Ottawa,Ontario,Psychology,Social Sciences,Bachelor's,2.0,4.0,78.4,78.4,44256.05,7,1778.42,0,0,2023-12-01,Medium Income,Mid-Career (35-49),62.03,47.16,Immediate Intervention,Medium Difficulty
154,29,17397,Part-time,Married,Lethbridge,Alberta,233065.37,3.746,15,180,144112.79,Active,1694.44,2019-02-08,2034-02-08,2.0,Canada Student Loans Program,Dalhousie University,Halifax,Nova Scotia,Biomedical Engineering,Engineering,Bachelor's,3.0,4.0,87.2,87.2,66515.13,11,1386.3600000000001,0,2,2023-12-03,Low Income,Young Professional (25-34),61.83,116.88,Immediate Intervention,High Difficulty
877,19,0,Unemployed,Single,Quebec City,Quebec,232132.66,5.613,20,240,184274.15,Active,1611.66,2020-01-08,2040-01-08,2.0,Bank of Montreal,University of Toronto,Toronto,Ontario,,,,,,,,,47,4491.81,0,0,2023-12-02,Low Income,Young Adult (18-24),79.38,inf,Immediate Intervention,Difficulty nan
905,43,0,Unemployed,Common-law,Steinbach,Manitoba,230778.0,5.361,20,240,190273.07,Active,1569.43,2019-12-08,2039-12-08,2.0,Bank of Nova Scotia,University of Alberta,Edmonton,Alberta,Marketing,Business,Bachelor's,1.0,4.0,82.9,82.9,47788.43,22,1569.43,0,0,2023-12-03,Low Income,Mid-Career (35-49),82.45,inf,Immediate Intervention,Low Difficulty
730,29,66503,Full-time,Single,Laval,Quebec,229861.73,3.817,15,180,162683.41,Active,1679.26,2020-12-08,2035-12-08,2.0,Bank of Montreal,University of Victoria,Victoria,British Columbia,,,,,,,,,47,2414.38,0,0,2023-12-03,Medium Income,Young Professional (25-34),70.77,30.3,Immediate Intervention,Difficulty nan
481,30,0,Unemployed,Single,Ottawa,Ontario,228918.11,4.158,20,240,211595.91,Active,1406.33,2024-01-08,2044-01-08,2.0,TD Canada Trust,Memorial University,St. John's,Newfoundland,,,,,,,,,47,6030.48,0,0,2023-12-02,Low Income,Young Professional (25-34),92.43,inf,Immediate Intervention,Difficulty nan
764,37,17264,Part-time,Widowed,Calgary,Alberta,228673.5,4.731,20,240,177166.57,Active,1475.37,2019-06-08,2039-06-08,2.0,Royal Bank of Canada,University of Ottawa,Ottawa,Ontario,,,,,,,,,48,2748.68,0,0,2023-12-01,Low Income,Mid-Career (35-49),77.48,102.55,Immediate Intervention,Difficulty nan
86,30,0,Unemployed,Divorced,Quebec City,Quebec,227415.45,10.6,15,180,193339.34,Active,2527.96,2021-12-08,2036-12-08,2.0,Canada Student Loans Program,Memorial University,St. John's,Newfoundland,Master of Science in Engineering,Engineering,Master's,3.0,2.0,93.0,93.0,87004.95,22,2527.96,0,0,2023-12-02,Low Income,Young Professional (25-34),85.02,inf,Immediate Intervention,High Difficulty
963,20,49280,Full-time,Married,Brandon,Manitoba,226230.25,5.729,15,180,135772.09,Active,1876.1,2018-10-08,2033-10-08,2.0,Royal Bank of Canada,University of Ottawa,Ottawa,Ontario,Psychology,Social Sciences,Bachelor's,2.0,4.0,78.4,78.4,44256.05,23,1876.1,0,0,2023-12-04,Medium Income,Young Adult (18-24),60.02,45.68,Immediate Intervention,Medium Difficulty
370,26,55426,Full-time,Married,Winnipeg,Manitoba,223690.12,4.335,20,240,188030.28,Active,1395.33,2021-03-08,2041-03-08,2.0,TD Student Line of Credit,University of Victoria,Victoria,British Columbia,Chemical Engineering,Engineering,Bachelor's,3.0,4.0,88.5,88.5,73095.5,23,1395.33,0,0,2023-12-01,Medium Income,Young Professional (25-34),84.06,30.21,Immediate Intervention,High Difficulty
633,19,20113,Part-time,Common-law,Laval,Quebec,223559.87,4.096,15,180,137244.93,Active,1664.42,2019-06-08,2034-06-08,2.0,Provincial Student Aid,Simon Fraser University,Burnaby,British Columbia,Master of Social Work,Social Sciences,Master's,2.0,2.0,88.4,88.4,55944.69,0,0.0,0,0,Never,Low Income,Young Adult (18-24),61.39,99.3,Immediate Intervention,Medium Difficulty
965,26,44112,Full-time,Divorced,Brandon,Manitoba,222947.83,10.967,15,180,182166.07,Active,2529.4,2020-03-08,2035-03-08,2.0,Scotiabank Student Line of Credit,York University,Toronto,Ontario,Medical Assistant,Healthcare,Certificate,1.0,1.0,86.8,86.8,36563.35,7,2529.4,0,0,2023-12-02,Medium Income,Young Professional (25-34),81.71,68.81,Immediate Intervention,Low Difficulty
130,41,0,Unemployed,Widowed,Lethbridge,Alberta,222121.1,9.233,15,180,193752.13,Active,2283.79,2022-04-08,2037-04-08,2.0,BMO Student Banking Program,Simon Fraser University,Burnaby,British Columbia,Chemistry,Science,Bachelor's,3.0,4.0,78.3,78.3,54889.19,10,2283.79,0,0,2023-12-02,Low Income,Mid-Career (35-49),87.23,inf,Immediate Intervention,High Difficulty
622,44,21842,Part-time,Single,Brandon,Manitoba,221857.39,12.878,15,180,204028.39,Active,2789.25,2022-10-08,2037-10-08,2.0,National Bank of Canada,NAIT,Edmonton,Alberta,Sports Management,Business,Bachelor's,1.0,4.0,73.4,73.4,40048.59,12,2789.25,0,0,2023-12-05,Low Income,Mid-Career (35-49),91.96,153.24,Immediate Intervention,Low Difficulty
252,21,0,Unemployed,Widowed,Calgary,Alberta,221751.15,3.405,20,240,166240.15,Active,1275.27,2019-12-08,2039-12-08,2.0,TD Student Line of Credit,University of Alberta,Edmonton,Alberta,Criminal Justice,Social Sciences,Bachelor's,2.0,4.0,82.2,82.2,45869.85,22,1275.27,0,0,2023-12-03,Low Income,Young Adult (18-24),74.97,inf,Immediate Intervention,Medium Difficulty
967,27,18064,Part-time,Divorced,Ottawa,Ontario,221737.31,3.825,15,180,139774.26,Active,1620.79,2019-10-08,2034-10-08,2.0,RBC Student Banking,Concordia University,Montreal,Quebec,Doctor of Pharmacy,Healthcare,Professional,3.0,4.0,94.0,94.0,90553.81,11,1620.79,0,0,2023-12-03,Low Income,Young Professional (25-34),63.04,107.67,Immediate Intervention,High Difficulty
650,30,72852,Full-time,Married,Edmonton,Alberta,221586.91,5.009,15,180,166297.36,Active,1753.33,2021-05-08,2036-05-08,2.0,National Bank of Canada,Queen's University,Kingston,Ontario,Juris Doctor (Law),Law,Professional,3.0,3.0,78.8,78.8,75387.23,19,1753.33,0,0,2023-12-01,High Income,Young Professional (25-34),75.05,28.88,Immediate Intervention,High Difficulty
330,36,73657,Full-time,Single,Laval,Quebec,221026.56,5.952,25,300,201186.3,Active,1417.6,2021-10-08,2046-10-08,2.0,Bank of Nova Scotia,Simon Fraser University,Burnaby,British Columbia,Sports Management,Business,Bachelor's,1.0,4.0,73.4,73.4,40048.59,23,1417.6,0,0,2023-12-01,High Income,Mid-Career (35-49),91.02,23.1,Immediate Intervention,Low Difficulty
548,24,0,Unemployed,Common-law,Toronto,Ontario,219438.89,3.762,15,180,184847.45,Active,1597.12,2022-04-08,2037-04-08,2.0,TD Student Line of Credit,NAIT,Edmonton,Alberta,Master of Education,Education,Master's,2.0,2.0,89.0,89.0,62772.62,11,1597.12,0,0,2023-12-05,Low Income,Young Adult (18-24),84.24,inf,Immediate Intervention,Medium Difficulty
324,41,22556,Part-time,Divorced,London,Ontario,218507.08,4.85,15,180,151689.6,Active,1710.91,2019-07-08,2034-07-08,2.0,TD Canada Trust,Carleton University,Ottawa,Ontario,Marketing,Business,Bachelor's,1.0,4.0,82.9,82.9,47788.43,23,1710.91,0,0,2023-12-02,Low Income,Mid-Career (35-49),69.42,91.02,Immediate Intervention,Low Difficulty
310,31,20048,Part-time,Divorced,Brandon,Manitoba,217542.81,8.459,25,300,206350.95,In Deferment,1745.71,2022-07-08,2047-07-08,2.0,Canada Student Loans Program,Ryerson University,Toronto,Ontario,,,,,,,,,47,1216.44,0,0,2023-12-01,Low Income,Young Professional (25-34),94.86,104.49,Immediate Intervention,Difficulty nan
359,24,0,Unemployed,Divorced,Montreal,Quebec,217533.26,5.302,20,240,161960.79,Active,1472.16,2018-12-08,2038-12-08,2.0,Canada Student Loans Program,York University,Toronto,Ontario,Elementary Education,Education,Bachelor's,2.0,4.0,87.2,87.2,48470.28,7,1472.16,0,0,2023-12-01,Low Income,Young Adult (18-24),74.45,inf,Immediate Intervention,Medium Difficulty
402,39,24196,Part-time,Divorced,Surrey,British Columbia,217285.7,9.919,15,180,189395.46,Active,2324.21,2022-08-08,2037-08-08,2.0,TD Canada Trust,Queen's University,Kingston,Ontario,Physics,Science,Bachelor's,3.0,4.0,73.4,73.4,52697.17,15,2324.21,0,0,2023-12-03,Low Income,Mid-Career (35-49),87.16,115.27,Immediate Intervention,High Difficulty
736,39,60131,Full-time,Married,Surrey,British Columbia,216974.59,2.74,20,240,149964.34,Active,1175.29,2018-06-08,2038-06-08,2.0,National Bank of Canada,University of Ottawa,Ottawa,Ontario,Nursing,Healthcare,Bachelor's,2.0,4.0,92.5,92.5,65996.75,7,1007.3914285714285,0,1,2023-12-03,Medium Income,Mid-Career (35-49),69.12,23.45,Immediate Intervention,Medium Difficulty
356,40,48303,Full-time,Single,Lethbridge,Alberta,216234.09,3.924,25,300,205635.6,Active,1132.31,2024-04-08,2049-04-08,2.0,Canada Student Loans Program,Memorial University,St. John's,Newfoundland,,,,,,,,,47,5106.37,0,0,2023-12-01,Medium Income,Mid-Career (35-49),95.1,28.13,Immediate Intervention,Difficulty nan
422,26,0,Unemployed,Divorced,Calgary,Alberta,216093.5,3.017,20,240,215436.51,Active,1200.29,2025-09-08,2045-09-08,2.0,BMO Student Banking Program,Dalhousie University,Halifax,Nova Scotia,,,,,,,,,47,2323.35,0,0,2023-12-01,Low Income,Young Professional (25-34),99.7,inf,Immediate Intervention,Difficulty nan
204,23,19563,Part-time,Widowed,Toronto,Ontario,215008.17,3.969,20,240,158929.11,Active,1299.4,2018-06-08,2038-06-08,2.0,Bank of Montreal,McGill University,Montreal,Quebec,,,,,,,,,47,3122.6500000000005,0,0,2023-12-08,Low Income,Young Adult (18-24),73.92,79.71,Immediate Intervention,Difficulty nan
754,32,0,Unemployed,Married,Montreal,Quebec,211851.59,5.785,15,180,122724.45,Active,1763.21,2018-06-08,2033-06-08,2.0,Canada Student Loans Program,NAIT,Edmonton,Alberta,Nursing,Healthcare,Bachelor's,2.0,4.0,92.5,92.5,65996.75,10,1763.2099999999998,0,0,2023-12-04,Low Income,Young Professional (25-34),57.93,inf,Immediate Intervention,Medium Difficulty
358,34,0,Unemployed,Married,Surrey,British Columbia,211516.96,2.984,25,300,179143.19,Active,1001.28,2020-02-08,2045-02-08,2.0,National Bank of Canada,University of Waterloo,Waterloo,Ontario,Sports Management,Business,Bachelor's,1.0,4.0,73.4,73.4,40048.59,18,1001.2800000000001,0,0,2023-12-03,Low Income,Young Professional (25-34),84.69,inf,Immediate Intervention,Low Difficulty
979,43,0,Unemployed,Married,Vancouver,British Columbia,210612.69,3.13,15,180,142384.47,Active,1467.66,2020-08-08,2035-08-08,2.0,Bank of Nova Scotia,York University,Toronto,Ontario,Human Resources,Business,Bachelor's,1.0,4.0,84.0,84.0,53249.69,18,1467.66,0,0,2023-12-03,Low Income,Mid-Career (35-49),67.6,inf,Immediate Intervention,Low Difficulty
895,38,16868,Part-time,Married,Lethbridge,Alberta,209989.98,12.467,15,180,147497.76,Active,2583.66,2018-08-08,2033-08-08,2.0,Scotiabank Student Line of Credit,Dalhousie University,Halifax,Nova Scotia,Network Administration,Technology,Certificate,2.0,2.0,79.4,79.4,53377.98,6,2583.66,0,0,2023-12-03,Low Income,Mid-Career (35-49),70.24,183.8,Immediate Intervention,Medium Difficulty
782,25,0,Unemployed,Widowed,Hamilton,Ontario,208244.52,3.657,15,180,127321.44,Active,1504.81,2019-07-08,2034-07-08,2.0,TD Canada Trust,Queen's University,Kingston,Ontario,Social Work,Social Sciences,Bachelor's,2.0,4.0,81.7,81.7,47749.46,3,1504.8100000000002,0,0,2023-12-02,Low Income,Young Professional (25-34),61.14,inf,Immediate Intervention,Medium Difficulty
801,28,50715,Full-time,Married,Toronto,Ontario,207512.8,8.793,15,180,181653.7,In Forbearance,2079.26,2021-12-08,2036-12-08,2.0,Bank of Montreal,McGill University,Montreal,Quebec,Psychology,Social Sciences,Bachelor's,2.0,4.0,78.4,78.4,44256.05,23,2079.26,0,0,2023-12-02,Medium Income,Young Professional (25-34),87.54,49.2,Immediate Intervention,Medium Difficulty
910,22,19101,Part-time,Widowed,Toronto,Ontario,206190.16,3.307,25,300,192841.26,Active,1011.02,2022-11-08,2047-11-08,2.0,National Bank of Canada,McGill University,Montreal,Quebec,,,,,,,,,47,3693.59,0,0,2023-12-03,Low Income,Young Adult (18-24),93.53,63.52,Immediate Intervention,Difficulty nan
989,22,51280,Full-time,Single,Quebec City,Quebec,206186.85,6.174,20,240,163057.06,Active,1497.96,2018-09-08,2038-09-08,2.0,Provincial Student Aid,Memorial University,St. John's,Newfoundland,Social Work,Social Sciences,Bachelor's,2.0,4.0,81.7,81.7,47749.46,10,1348.164,0,1,2023-12-05,Medium Income,Young Adult (18-24),79.08,35.05,Immediate Intervention,Medium Difficulty
123,30,0,Unemployed,Married,Lethbridge,Alberta,206125.16,5.128,25,300,199419.13,Active,1220.41,2024-03-08,2049-03-08,2.0,RBC Student Banking,University of British Columbia,Vancouver,British Columbia,,,,,,,,,47,2469.75,0,0,2023-12-01,Low Income,Young Professional (25-34),96.75,inf,Immediate Intervention,Difficulty nan
457,37,0,Unemployed,Common-law,Steinbach,Manitoba,205866.49,4.391,20,240,153166.48,Active,1290.33,2018-05-08,2038-05-08,2.0,RBC Student Banking,Concordia University,Montreal,Quebec,Doctor of Pharmacy,Healthcare,Professional,3.0,4.0,94.0,94.0,90553.81,11,1290.33,0,0,2023-12-01,Low Income,Mid-Career (35-49),74.4,inf,Immediate Intervention,High Difficulty
955,31,0,Unemployed,Widowed,Ottawa,Ontario,204964.75,4.193,15,180,163167.95,Active,1536.0,2022-05-08,2037-05-08,2.0,Provincial Student Aid,Memorial University,St. John's,Newfoundland,Network Administration,Technology,Certificate,2.0,2.0,79.4,79.4,53377.98,7,1536.0,0,0,2023-12-03,Low Income,Young Professional (25-34),79.61,inf,Immediate Intervention,Medium Difficulty
13,26,0,Unemployed,Common-law,Montreal,Quebec,204163.66,2.681,20,240,162874.53,Active,1099.96,2021-04-08,2041-04-08,2.0,Provincial Student Aid,Memorial University,St. John's,Newfoundland,Master of Business Administration,Business,Master's,2.0,2.0,92.6,92.6,93253.27,19,1099.96,0,0,2023-12-02,Low Income,Young Professional (25-34),79.78,inf,Immediate Intervention,Medium Difficulty
894,20,0,Unemployed,Widowed,Edmonton,Alberta,203455.61,4.215,15,180,169566.57,Active,1526.95,2022-07-08,2037-07-08,2.0,Bank of Montreal,University of Victoria,Victoria,British Columbia,Architecture,Design,Bachelor's,3.0,5.0,68.1,68.1,64043.12,15,1425.1533333333332,0,1,2023-12-02,Low Income,Young Adult (18-24),83.34,inf,Immediate Intervention,High Difficulty
40,33,49493,Full-time,Divorced,Ottawa,Ontario,203269.46,11.045,15,180,161453.92,Active,2316.1,2020-03-08,2035-03-08,2.0,Bank of Nova Scotia,University of Victoria,Victoria,British Columbia,Communications,Liberal Arts,Bachelor's,1.0,4.0,75.2,75.2,43205.15,19,2316.1,0,0,2023-12-01,Medium Income,Young Professional (25-34),79.43,56.16,Immediate Intervention,Low Difficulty
247,34,0,Unemployed,Divorced,Winnipeg,Manitoba,202868.77,3.587,15,180,182601.73,Active,1458.96,2024-05-08,2039-05-08,2.0,Scotiabank Student Line of Credit,University of British Columbia,Vancouver,British Columbia,,,,,,,,,47,6334.47,0,0,2023-12-02,Low Income,Young Professional (25-34),90.01,inf,Immediate Intervention,Difficulty nan
759,34,0,Unemployed,Widowed,Quebec City,Quebec,201875.4,3.084,15,180,135270.59,Active,1402.28,2020-02-08,2035-02-08,2.0,TD Student Line of Credit,University of Waterloo,Waterloo,Ontario,HVAC Technology,Technical,Certificate,1.0,2.0,92.0,92.0,46389.64,6,1402.28,0,0,2023-12-07,Low Income,Young Professional (25-34),67.01,inf,Immediate Intervention,Low Difficulty
260,21,20347,Part-time,Common-law,Vancouver,British Columbia,201077.67,7.406,25,300,185894.77,Active,1473.67,2021-09-08,2046-09-08,2.0,Bank of Nova Scotia,Ryerson University,Toronto,Ontario,Early Childhood Education,Education,Bachelor's,1.0,4.0,80.9,80.9,46386.58,23,1473.67,0,0,2023-12-02,Low Income,Young Adult (18-24),92.45,86.91,Immediate Intervention,Low Difficulty
428,44,17732,Part-time,Married,Winnipeg,Manitoba,200790.42,8.964,20,240,189918.7,Active,1801.92,2023-02-08,2043-02-08,2.0,BMO Student Banking Program,NAIT,Edmonton,Alberta,,,,,,,,,47,4084.48,0,0,2023-12-05,Low Income,Mid-Career (35-49),94.59,121.94,Immediate Intervention,Difficulty nan
807,31,15029,Part-time,Single,Montreal,Quebec,200548.18,12.417,20,240,176435.31,Active,2266.79,2018-08-08,2038-08-08,2.0,CIBC,University of Alberta,Edmonton,Alberta,Master of Social Work,Social Sciences,Master's,2.0,2.0,88.4,88.4,55944.69,19,2266.79,0,0,2023-12-01,Low Income,Young Professional (25-34),87.98,180.99,Immediate Intervention,Medium Difficulty
619,22,19683,Part-time,Common-law,London,Ontario,199480.57,3.566,25,300,181969.12,Active,1005.72,2022-12-08,2047-12-08,2.0,RBC Student Banking,University of Calgary,Calgary,Alberta,,,,,,,,,47,1505.2900000000002,0,0,2023-12-02,Low Income,Young Adult (18-24),91.22,61.32,Immediate Intervention,Difficulty nan
261,24,0,Unemployed,Widowed,Vancouver,British Columbia,198339.49,3.176,20,240,159859.56,Active,1117.54,2020-05-08,2040-05-08,2.0,Bank of Nova Scotia,McGill University,Montreal,Quebec,,,,,,,,,47,1674.48,0,0,2023-12-01,Low Income,Young Adult (18-24),80.6,inf,Immediate Intervention,Difficulty nan
355,32,0,Unemployed,Common-law,Surrey,British Columbia,197500.66,8.302,25,300,184611.47,Active,1564.06,2021-04-08,2046-04-08,2.0,Royal Bank of Canada,McMaster University,Hamilton,Ontario,Master of Business Administration,Business,Master's,2.0,2.0,92.6,92.6,93253.27,18,1564.06,0,0,2023-12-01,Low Income,Young Professional (25-34),93.47,inf,Immediate Intervention,Medium Difficulty
145,31,0,Unemployed,Single,Calgary,Alberta,194599.95,10.521,15,180,173271.12,Active,2153.64,2021-12-08,2036-12-08,2.0,Bank of Nova Scotia,University of Alberta,Edmonton,Alberta,Pre-Medicine,Science,Bachelor's,3.0,4.0,63.0,63.0,45054.86,19,2153.64,0,0,2023-12-02,Low Income,Young Professional (25-34),89.04,inf,Immediate Intervention,High Difficulty
761,36,0,Unemployed,Widowed,Hamilton,Ontario,193644.2,5.995,15,180,156764.82,Active,1633.56,2022-03-08,2037-03-08,2.0,Bank of Nova Scotia,York University,Toronto,Ontario,Automotive Technology,Technical,Certificate,1.0,2.0,82.5,82.5,43070.11,15,1633.56,0,0,2023-12-02,Low Income,Mid-Career (35-49),80.96,inf,Immediate Intervention,Low Difficulty
636,28,0,Unemployed,Divorced,Steinbach,Manitoba,192773.88,5.685,15,180,152734.65,Active,1594.11,2021-06-08,2036-06-08,2.0,BMO Student Banking Program,University of Manitoba,Winnipeg,Manitoba,Early Childhood Education,Education,Bachelor's,1.0,4.0,80.9,80.9,46386.58,19,1594.11,0,0,2023-12-02,Low Income,Young Professional (25-34),79.23,inf,Immediate Intervention,Low Difficulty
586,35,21656,Part-time,Married,Red Deer,Alberta,192720.29,7.171,15,180,155497.6,Active,1750.7,2021-05-08,2036-05-08,2.0,TD Canada Trust,Concordia University,Montreal,Quebec,Nursing,Healthcare,Bachelor's,2.0,4.0,92.5,92.5,65996.75,10,1750.7,0,0,2023-12-02,Low Income,Mid-Career (35-49),80.69,97.01,Immediate Intervention,Medium Difficulty
887,32,0,Unemployed,Single,Red Deer,Alberta,192004.31,7.112,20,240,160024.18,Active,1501.54,2020-06-08,2040-06-08,2.0,Provincial Student Aid,University of Alberta,Edmonton,Alberta,Medical Assistant,Healthcare,Certificate,1.0,1.0,86.8,86.8,36563.35,15,1501.54,0,0,2023-12-03,Low Income,Young Professional (25-34),83.34,inf,Immediate Intervention,Low Difficulty
70,28,18165,Part-time,Divorced,Winnipeg,Manitoba,191823.1,4.12,15,180,134755.94,Active,1430.46,2020-10-08,2035-10-08,2.0,TD Student Line of Credit,Simon Fraser University,Burnaby,British Columbia,HVAC Technology,Technical,Certificate,1.0,2.0,92.0,92.0,46389.64,11,1430.46,0,0,2023-12-02,Low Income,Young Professional (25-34),70.25,94.5,Immediate Intervention,Low Difficulty
842,26,57477,Full-time,Married,Ottawa,Ontario,190392.47,7.488,15,180,116068.29,Active,1763.66,2018-06-08,2033-06-08,2.0,CIBC,Carleton University,Ottawa,Ontario,,,,,,,,,48,3046.48,0,0,2023-12-14,Medium Income,Young Professional (25-34),60.96,36.82,Immediate Intervention,Difficulty nan
226,19,47733,Full-time,Divorced,Vancouver,British Columbia,188814.66,6.673,15,180,136545.8,Active,1662.79,2020-07-08,2035-07-08,2.0,TD Canada Trust,NAIT,Edmonton,Alberta,Master of Social Work,Social Sciences,Master's,2.0,2.0,88.4,88.4,55944.69,23,1518.1995652173912,0,2,2023-12-08,Medium Income,Young Adult (18-24),72.32,41.8,Immediate Intervention,Medium Difficulty
413,21,0,Unemployed,Single,Winnipeg,Manitoba,188275.17,4.663,15,180,156144.62,Active,1456.03,2022-05-08,2037-05-08,2.0,BMO Student Banking Program,University of Alberta,Edmonton,Alberta,Master of Social Work,Social Sciences,Master's,2.0,2.0,88.4,88.4,55944.69,11,1456.03,0,0,2023-12-03,Low Income,Young Adult (18-24),82.93,inf,Immediate Intervention,Medium Difficulty
177,18,17386,Part-time,Divorced,Winnipeg,Manitoba,187090.98,3.755,15,180,135052.3,Active,1361.03,2020-04-08,2035-04-08,2.0,Bank of Montreal,Queen's University,Kingston,Ontario,Master of Social Work,Social Sciences,Master's,2.0,2.0,88.4,88.4,55944.69,6,1361.03,0,0,2023-12-02,Low Income,Young Adult (18-24),72.19,93.94,Immediate Intervention,Medium Difficulty
228,32,0,Unemployed,Single,Laval,Quebec,187056.54,11.946,25,300,184721.69,Active,1962.66,2024-01-08,2049-01-08,2.0,TD Student Line of Credit,Dalhousie University,Halifax,Nova Scotia,,,,,,,,,47,2762.28,0,0,2023-12-02,Low Income,Young Professional (25-34),98.75,inf,Immediate Intervention,Difficulty nan
800,29,20926,Part-time,Single,Hamilton,Ontario,186134.3,3.249,15,180,135724.04,In Deferment,1307.82,2020-07-08,2035-07-08,2.0,Bank of Nova Scotia,Queen's University,Kingston,Ontario,Hospitality Management,Business,Bachelor's,1.0,4.0,74.8,74.8,43656.21,22,1307.82,0,0,2023-12-02,Low Income,Young Professional (25-34),72.92,75.0,Immediate Intervention,Low Difficulty
283,28,0,Unemployed,Divorced,Calgary,Alberta,185999.71,6.27,15,180,133342.86,Active,1596.83,2020-07-08,2035-07-08,2.0,Canada Student Loans Program,University of Waterloo,Waterloo,Ontario,Aerospace Engineering,Engineering,Bachelor's,3.0,4.0,80.0,80.0,74705.15,15,1596.8299999999997,0,0,2023-12-01,Low Income,Young Professional (25-34),71.69,inf,Immediate Intervention,High Difficulty
593,39,15862,Part-time,Widowed,Quebec City,Quebec,184510.79,3.386,25,300,151349.28,Active,912.46,2019-07-08,2044-07-08,2.0,Provincial Student Aid,NAIT,Edmonton,Alberta,,,,,,,,,47,3551.27,0,0,2023-12-01,Low Income,Mid-Career (35-49),82.03,69.03,Immediate Intervention,Difficulty nan
156,19,73517,Full-time,Widowed,London,Ontario,183843.26,4.404,25,300,158715.84,Active,1011.87,2020-10-08,2045-10-08,2.0,Bank of Montreal,Queen's University,Kingston,Ontario,,,,,,,,,47,1349.990425531915,0,2,2023-12-03,High Income,Young Adult (18-24),86.33,16.52,Immediate Intervention,Difficulty nan
461,23,16725,Part-time,Widowed,Ottawa,Ontario,183414.13,4.043,25,300,166629.43,Active,972.49,2022-02-08,2047-02-08,2.0,Canada Student Loans Program,University of Toronto,Toronto,Ontario,,,,,,,,,47,4230.77,0,0,2023-12-02,Low Income,Young Adult (18-24),90.85,69.78,Immediate Intervention,Difficulty nan
133,39,63234,Full-time,Married,Calgary,Alberta,181189.13,8.332,20,240,162358.99,Active,1553.19,2021-11-08,2041-11-08,2.0,TD Canada Trust,Queen's University,Kingston,Ontario,Automotive Technology,Technical,Certificate,1.0,2.0,82.5,82.5,43070.11,19,1553.19,0,0,2023-12-03,Medium Income,Mid-Career (35-49),89.61,29.48,Immediate Intervention,Low Difficulty
159,27,17470,Part-time,Divorced,Toronto,Ontario,180875.27,6.633,15,180,144714.38,Active,1588.87,2021-05-08,2036-05-08,2.0,Bank of Nova Scotia,Ryerson University,Toronto,Ontario,,,,,,,,,47,2293.08,0,0,2023-12-01,Low Income,Young Professional (25-34),80.01,109.14,Immediate Intervention,Difficulty nan
545,25,17802,Part-time,Single,Winnipeg,Manitoba,179643.47,8.815000000000001,15,180,132411.51,Active,1802.35,2020-03-08,2035-03-08,2.0,Bank of Montreal,Carleton University,Ottawa,Ontario,Computer Science,Technology,Bachelor's,2.0,4.0,93.5,93.5,71537.28,11,1802.35,0,0,2023-12-02,Low Income,Young Professional (25-34),73.71,121.49,Immediate Intervention,Medium Difficulty
551,20,17774,Part-time,Single,Surrey,British Columbia,179476.23,5.626,15,180,170280.52,Active,1478.5,2024-02-08,2039-02-08,2.0,RBC Student Banking,Concordia University,Montreal,Quebec,,,,,,,,,47,4909.88,0,0,2023-12-10,Low Income,Young Adult (18-24),94.88,99.82,Immediate Intervention,Difficulty nan
281,25,66662,Full-time,Married,Ottawa,Ontario,178126.82,8.927,15,180,148176.78,In Forbearance,1798.95,2020-12-08,2035-12-08,2.0,CIBC,Queen's University,Kingston,Ontario,Elementary Education,Education,Bachelor's,2.0,4.0,87.2,87.2,48470.28,22,1798.95,0,0,2023-12-03,Medium Income,Young Professional (25-34),83.19,32.38,Immediate Intervention,Medium Difficulty
334,37,24524,Part-time,Single,Brandon,Manitoba,177405.56,11.109,15,180,121734.1,Active,2028.55,2018-09-08,2033-09-08,2.0,Bank of Montreal,University of Victoria,Victoria,British Columbia,Automotive Technology,Technical,Certificate,1.0,2.0,82.5,82.5,43070.11,3,2028.55,0,0,2023-12-03,Low Income,Mid-Career (35-49),68.62,99.26,Immediate Intervention,Low Difficulty
883,23,0,Unemployed,Single,Edmonton,Alberta,177248.92,7.289,20,240,177248.92,In Grace Period,1405.12,2026-01-08,2046-01-08,2.0,Canada Student Loans Program,University of Toronto,Toronto,Ontario,,,,,,,,,47,4988.98,0,0,2023-12-02,Low Income,Young Adult (18-24),100.0,inf,Immediate Intervention,Difficulty nan
363,37,65746,Full-time,Single,Ottawa,Ontario,176797.01,3.148,15,180,121409.05,Active,1233.55,2020-10-08,2035-10-08,2.0,Scotiabank Student Line of Credit,University of Alberta,Edmonton,Alberta,Dental Hygiene,Healthcare,Associate,2.0,2.0,87.2,87.2,61248.37,15,1233.55,0,0,2023-12-02,Medium Income,Mid-Career (35-49),68.67,22.51,Immediate Intervention,Medium Difficulty
272,30,0,Unemployed,Married,Surrey,British Columbia,174684.84,8.614,20,240,153332.41,Active,1528.58,2020-03-08,2040-03-08,2.0,Canada Student Loans Program,Simon Fraser University,Burnaby,British Columbia,,,,,,,,,47,4523.56,0,0,2023-12-02,Low Income,Young Professional (25-34),87.78,inf,Immediate Intervention,Difficulty nan
134,22,16752,Part-time,Widowed,Brampton,Ontario,173685.56,3.359,25,300,153418.51,Active,856.43,2021-07-08,2046-07-08,2.0,BMO Student Banking Program,Dalhousie University,Halifax,Nova Scotia,,,,,,,,,47,2753.96,0,0,2023-12-03,Low Income,Young Adult (18-24),88.33,61.35,Immediate Intervention,Difficulty nan
656,28,51576,Full-time,Single,Montreal,Quebec,172732.26,4.2509999999999994,25,300,166722.23,Active,935.85,2024-10-08,2049-10-08,2.0,National Bank of Canada,McMaster University,Hamilton,Ontario,,,,,,,,,47,2344.87,0,0,2023-12-02,Medium Income,Young Professional (25-34),96.52,21.77,Immediate Intervention,Difficulty nan
473,35,17056,Part-time,Single,Calgary,Alberta,168031.07,3.353,15,180,148652.49,Active,1189.13,2023-02-08,2038-02-08,2.0,National Bank of Canada,Carleton University,Ottawa,Ontario,,,,,,,,,47,5729.79,0,0,2023-12-02,Low Income,Mid-Career (35-49),88.47,83.66,Immediate Intervention,Difficulty nan
383,44,21817,Part-time,Widowed,Victoria,British Columbia,166967.18,11.102,15,180,147325.32,Active,1908.45,2021-08-08,2036-08-08,2.0,Royal Bank of Canada,University of Victoria,Victoria,British Columbia,,,,,,,,,46,5182.71,0,0,2023-12-02,Low Income,Mid-Career (35-49),88.24,104.97,Immediate Intervention,Difficulty nan
985,20,0,Unemployed,Married,Hamilton,Ontario,166768.46,5.937,15,180,112052.45,Active,1401.62,2019-11-08,2034-11-08,2.0,TD Canada Trust,Queen's University,Kingston,Ontario,Computer Science,Technology,Bachelor's,2.0,4.0,93.5,93.5,71537.28,7,1201.3885714285714,0,1,2023-12-03,Low Income,Young Adult (18-24),67.19,inf,Immediate Intervention,Medium Difficulty
362,42,41811,Full-time,Single,Mississauga,Ontario,164778.43,8.639,15,180,153570.34,Active,1636.09,2023-05-08,2038-05-08,2.0,TD Canada Trust,University of Manitoba,Winnipeg,Manitoba,,,,,,,,,47,1326.19,0,0,2023-12-03,Medium Income,Mid-Career (35-49),93.2,46.96,Immediate Intervention,Difficulty nan
429,37,70753,Full-time,Widowed,Victoria,British Columbia,164006.63,3.501,20,240,147654.59,Active,951.26,2023-01-08,2043-01-08,2.0,CIBC,Queen's University,Kingston,Ontario,,,,,,,,,47,3948.47,0,0,2023-12-02,High Income,Mid-Career (35-49),90.03,16.13,Immediate Intervention,Difficulty nan
208,27,18890,Part-time,Single,Montreal,Quebec,161316.33,4.942,20,240,133981.25,Active,1059.45,2021-03-08,2041-03-08,2.0,RBC Student Banking,McMaster University,Hamilton,Ontario,,,,,,,,,47,2973.07,0,0,2023-12-01,Low Income,Young Professional (25-34),83.05,67.3,Immediate Intervention,Difficulty nan
543,19,0,Unemployed,Divorced,Quebec City,Quebec,160157.1,3.86,15,180,108569.53,Active,1173.46,2019-07-08,2034-07-08,2.0,Scotiabank Student Line of Credit,Queen's University,Kingston,Ontario,Nursing,Healthcare,Bachelor's,2.0,4.0,92.5,92.5,65996.75,11,1173.46,0,0,2023-12-02,Low Income,Young Adult (18-24),67.79,inf,Immediate Intervention,Medium Difficulty
649,27,0,Unemployed,Single,Mississauga,Ontario,160006.92,5.551,20,240,158906.5,Active,1105.28,2026-01-08,2046-01-08,2.0,Royal Bank of Canada,Simon Fraser University,Burnaby,British Columbia,,,,,,,,,47,2801.0999999999995,0,0,2023-12-03,Low Income,Young Professional (25-34),99.31,inf,Immediate Intervention,Difficulty nan
568,40,62247,Full-time,Single,Red Deer,Alberta,159452.51,11.562,20,240,142145.92,Active,1707.27,2020-06-08,2040-06-08,2.0,Canada Student Loans Program,Concordia University,Montreal,Quebec,Mechanical Engineering,Engineering,Bachelor's,3.0,4.0,84.3,84.3,68800.56,15,1707.27,0,0,2023-12-02,Medium Income,Mid-Career (35-49),89.15,32.91,Immediate Intervention,High Difficulty
873,28,0,Unemployed,Common-law,Montreal,Quebec,158569.67,2.924,25,300,129040.37,In Deferment,745.7,2020-02-08,2045-02-08,2.0,Royal Bank of Canada,University of Manitoba,Winnipeg,Manitoba,,,,,,,,,47,3170.77,0,0,2023-12-02,Low Income,Young Professional (25-34),81.38,inf,Immediate Intervention,Difficulty nan
555,18,46232,Full-time,Common-law,Brampton,Ontario,156459.33,4.938,25,300,137089.02,Active,909.0,2020-12-08,2045-12-08,2.0,TD Canada Trust,Carleton University,Ottawa,Ontario,,,,,,,,,47,2847.5800000000004,0,0,2023-12-02,Medium Income,Young Adult (18-24),87.62,23.59,Immediate Intervention,Difficulty nan
87,35,21144,Part-time,Divorced,London,Ontario,151976.25,5.832,25,300,145243.97,Active,963.64,2023-12-08,2048-12-08,2.0,Scotiabank Student Line of Credit,Memorial University,St. John's,Newfoundland,,,,,,,,,47,3270.38,0,0,2023-12-16,Low Income,Mid-Career (35-49),95.57,54.69,Immediate Intervention,Difficulty nan
36,37,15580,Part-time,Married,Brampton,Ontario,151347.43,6.605,25,300,149518.15,Active,1031.86,2025-07-08,2050-07-08,2.0,RBC Student Banking,Memorial University,St. John's,Newfoundland,,,,,,,,,47,3079.37,0,0,2023-12-07,Low Income,Mid-Career (35-49),98.79,79.48,Immediate Intervention,Difficulty nan
126,18,24547,Part-time,Divorced,Victoria,British Columbia,149015.61,11.108,15,180,123701.37,In Forbearance,1703.83,2020-11-08,2035-11-08,2.0,TD Canada Trust,Dalhousie University,Halifax,Nova Scotia,Electrical Engineering,Engineering,Bachelor's,3.0,4.0,85.3,85.3,71274.04,15,1703.8299999999997,0,0,2023-12-05,Low Income,Young Adult (18-24),83.01,83.29,Immediate Intervention,High Difficulty
443,23,0,Unemployed,Single,Edmonton,Alberta,146294.44,4.661,20,240,118515.34,Active,938.29,2019-11-08,2039-11-08,2.0,National Bank of Canada,University of British Columbia,Vancouver,British Columbia,,,,,,,,,47,2990.59,0,0,2023-12-13,Low Income,Young Adult (18-24),81.01,inf,Immediate Intervention,Difficulty nan
705,29,21389,Part-time,Common-law,Hamilton,Ontario,143299.45,4.589,15,180,98868.83,Active,1102.76,2020-07-08,2035-07-08,2.0,Canada Student Loans Program,University of Victoria,Victoria,British Columbia,Master of Business Administration,Business,Master's,2.0,2.0,92.6,92.6,93253.27,15,1102.76,0,0,2023-12-02,Low Income,Young Professional (25-34),68.99,61.87,Immediate Intervention,Medium Difficulty
722,37,51958,Full-time,Divorced,Montreal,Quebec,142095.17,4.617,15,180,130708.09,Active,1095.53,2023-08-08,2038-08-08,2.0,Bank of Montreal,Carleton University,Ottawa,Ontario,,,,,,,,,47,1629.86,0,0,2023-12-03,Medium Income,Mid-Career (35-49),91.99,25.3,Immediate Intervention,Difficulty nan
975,39,0,Unemployed,Married,Laval,Quebec,140859.35,3.572,20,240,112015.97,Active,822.15,2019-12-08,2039-12-08,2.0,National Bank of Canada,University of Toronto,Toronto,Ontario,Criminal Justice,Social Sciences,Bachelor's,2.0,4.0,82.2,82.2,45869.85,22,822.15,0,0,2023-12-03,Low Income,Mid-Career (35-49),79.52,inf,Immediate Intervention,Medium Difficulty
47,20,57460,Full-time,Single,Montreal,Quebec,140410.57,6.36,25,300,140410.57,Active,935.82,2025-04-08,2050-04-08,2.0,BMO Student Banking Program,Concordia University,Montreal,Quebec,,,,,,,,,47,1238.58,0,0,2023-12-03,Medium Income,Young Adult (18-24),100.0,19.54,Immediate Intervention,Difficulty nan
830,32,0,Unemployed,Common-law,Hamilton,Ontario,137440.47,5.196,15,180,112980.24,Active,1100.95,2021-08-08,2036-08-08,2.0,TD Canada Trust,Ryerson University,Toronto,Ontario,Aerospace Engineering,Engineering,Bachelor's,3.0,4.0,80.0,80.0,74705.15,23,1100.95,0,0,2023-12-01,Low Income,Young Professional (25-34),82.2,inf,Immediate Intervention,High Difficulty
518,31,41101,Full-time,Single,Brandon,Manitoba,135331.6,10.667,15,180,107930.74,Active,1510.0,2020-05-08,2035-05-08,2.0,CIBC,University of Waterloo,Waterloo,Ontario,Master of Science in Engineering,Engineering,Master's,3.0,2.0,93.0,93.0,87004.95,23,1510.0,0,0,2023-12-02,Medium Income,Young Professional (25-34),79.75,44.09,Immediate Intervention,High Difficulty
865,40,71537,Full-time,Common-law,Laval,Quebec,135242.95,6.732,20,240,120166.85,Active,1026.89,2022-03-08,2042-03-08,2.0,CIBC,Queen's University,Kingston,Ontario,,,,,,,,,47,1840.73,0,0,2023-12-01,High Income,Mid-Career (35-49),88.85,17.23,Immediate Intervention,Difficulty nan
561,39,62417,Full-time,Married,Vancouver,British Columbia,134163.06,4.159,15,180,104840.1,Active,1003.11,2021-02-08,2036-02-08,2.0,Bank of Montreal,University of Manitoba,Winnipeg,Manitoba,,,,,,,,,47,2579.33,0,0,2023-12-02,Medium Income,Mid-Career (35-49),78.14,19.29,Immediate Intervention,Difficulty nan
527,18,0,Unemployed,Married,Quebec City,Quebec,133713.2,7.526,20,240,130980.82,In Deferment,1079.31,2024-05-08,2044-05-08,2.0,Bank of Montreal,University of British Columbia,Vancouver,British Columbia,,,,,,,,,47,5274.3,0,0,2023-12-01,Low Income,Young Adult (18-24),97.96,inf,Immediate Intervention,Difficulty nan
406,20,73403,Full-time,Widowed,Calgary,Alberta,133271.1,6.407,20,240,119335.22,Active,986.35,2022-07-08,2042-07-08,2.0,Bank of Montreal,Ryerson University,Toronto,Ontario,,,,,,,,,47,927.0200000000001,0,0,2023-12-02,High Income,Young Adult (18-24),89.54,16.12,Immediate Intervention,Difficulty nan
713,23,70801,Full-time,Widowed,Steinbach,Manitoba,132950.79,11.517,25,300,128987.72,Active,1353.06,2022-04-08,2047-04-08,2.0,RBC Student Banking,Queen's University,Kingston,Ontario,,,,,,,,,47,3813.9199999999996,0,0,2023-12-03,High Income,Young Adult (18-24),97.02,22.93,Immediate Intervention,Difficulty nan
974,35,66680,Full-time,Widowed,Edmonton,Alberta,130664.89,3.36,15,180,124425.94,Active,925.14,2025-05-08,2040-05-08,2.0,CIBC,Memorial University,St. John's,Newfoundland,,,,,,,,,47,2033.09,0,0,2023-12-03,Medium Income,Mid-Career (35-49),95.23,16.65,Immediate Intervention,Difficulty nan
614,32,0,Unemployed,Married,Red Deer,Alberta,130009.91,4.654,25,300,123481.38,Active,734.05,2023-07-08,2048-07-08,2.0,National Bank of Canada,Memorial University,St. John's,Newfoundland,,,,,,,,,47,3698.74,0,0,2023-12-02,Low Income,Young Professional (25-34),94.98,inf,Immediate Intervention,Difficulty nan
944,25,40459,Full-time,Married,Quebec City,Quebec,128730.13,4.073,15,180,116873.37,Active,956.92,2023-06-08,2038-06-08,2.0,RBC Student Banking,Memorial University,St. John's,Newfoundland,,,,,,,,,47,1608.18,0,0,2023-12-03,Medium Income,Young Professional (25-34),90.79,28.38,Immediate Intervention,Difficulty nan
205,42,70569,Full-time,Divorced,Brandon,Manitoba,127636.44,4.48,15,180,97257.89,Active,975.11,2020-09-08,2035-09-08,2.0,Royal Bank of Canada,York University,Toronto,Ontario,,,,,,,,,47,1745.61,0,0,2023-12-03,High Income,Mid-Career (35-49),76.2,16.58,Immediate Intervention,Difficulty nan
903,20,18571,Part-time,Divorced,Laval,Quebec,126872.17,5.73,20,240,112327.43,In Deferment,889.3,2021-06-08,2041-06-08,2.0,Provincial Student Aid,McGill University,Montreal,Quebec,,,,,,,,,47,5262.18,0,0,2023-12-01,Low Income,Young Adult (18-24),88.54,57.46,Immediate Intervention,Difficulty nan
97,36,62542,Full-time,Single,Hamilton,Ontario,126669.82,3.747,15,180,121340.81,Active,920.98,2025-06-08,2040-06-08,2.0,TD Canada Trust,York University,Toronto,Ontario,,,,,,,,,47,1711.99,0,0,2023-12-02,Medium Income,Mid-Career (35-49),95.79,17.67,Immediate Intervention,Difficulty nan
426,20,0,Unemployed,Divorced,Edmonton,Alberta,126517.24,3.228,20,240,118408.24,Active,716.19,2023-07-08,2043-07-08,2.0,Bank of Nova Scotia,University of Victoria,Victoria,British Columbia,,,,,,,,,47,2111.85,0,0,2023-12-01,Low Income,Young Adult (18-24),93.59,inf,Immediate Intervention,Difficulty nan
559,18,20242,Part-time,Married,Laval,Quebec,121155.67,3.675,15,180,114461.64,Active,876.57,2025-03-08,2040-03-08,2.0,CIBC,McGill University,Montreal,Quebec,,,,,,,,,47,2531.22,0,0,2023-12-03,Low Income,Young Adult (18-24),94.47,51.97,Immediate Intervention,Difficulty nan
372,19,61217,Full-time,Common-law,Edmonton,Alberta,118796.27,5.763,20,240,117461.45,Active,834.93,2025-11-08,2045-11-08,2.0,BMO Student Banking Program,McGill University,Montreal,Quebec,,,,,,,,,47,2514.03,0,0,2023-12-01,Medium Income,Young Adult (18-24),98.88,16.37,Immediate Intervention,Difficulty nan
96,30,0,Unemployed,Married,Vancouver,British Columbia,116753.1,6.516,15,180,116753.1,In Grace Period,1018.07,2026-02-08,2041-02-08,2.0,TD Student Line of Credit,University of Alberta,Edmonton,Alberta,,,,,,,,,47,1409.09,0,0,2023-12-01,Low Income,Young Professional (25-34),100.0,inf,Immediate Intervention,Difficulty nan
840,43,24324,Part-time,Single,Surrey,British Columbia,116266.56,12.031,25,300,114041.96,Active,1227.21,2023-09-08,2048-09-08,2.0,BMO Student Banking Program,Ryerson University,Toronto,Ontario,,,,,,,,,47,1175.56,0,0,2023-12-02,Low Income,Mid-Career (35-49),98.09,60.54,Immediate Intervention,Difficulty nan
376,44,49448,Full-time,Single,Quebec City,Quebec,112216.93,10.575,25,300,110639.37,Active,1065.55,2023-09-08,2048-09-08,2.0,RBC Student Banking,McMaster University,Hamilton,Ontario,,,,,,,,,47,1509.37,0,0,2023-12-01,Medium Income,Mid-Career (35-49),98.59,25.86,Immediate Intervention,Difficulty nan
815,19,50647,Full-time,Common-law,Hamilton,Ontario,112052.31,4.375,20,240,99127.61,Active,701.36,2022-05-08,2042-05-08,2.0,TD Canada Trust,University of Ottawa,Ottawa,Ontario,,,,,,,,,47,1393.84,0,0,2023-12-02,Medium Income,Young Adult (18-24),88.47,16.62,Immediate Intervention,Difficulty nan
318,41,50430,Full-time,Widowed,Hamilton,Ontario,111182.52,4.204000000000001,20,240,110290.66,Active,685.76,2025-07-08,2045-07-08,2.0,Royal Bank of Canada,York University,Toronto,Ontario,,,,,,,,,47,4613.69,0,0,2023-12-03,Medium Income,Mid-Career (35-49),99.2,16.32,Immediate Intervention,Difficulty nan
668,21,24056,Part-time,Common-law,Brandon,Manitoba,111082.73,4.471,15,180,94385.87,Active,848.13,2023-04-08,2038-04-08,2.0,TD Student Line of Credit,University of Ottawa,Ottawa,Ontario,,,,,,,,,47,2607.33,0,0,2023-12-03,Low Income,Young Adult (18-24),84.97,42.31,Immediate Intervention,Difficulty nan
462,21,40079,Full-time,Single,Toronto,Ontario,109142.94,2.503,20,240,104524.28,Active,578.51,2025-03-08,2045-03-08,2.0,Scotiabank Student Line of Credit,York University,Toronto,Ontario,,,,,,,,,47,2315.17,0,0,2023-12-06,Medium Income,Young Adult (18-24),95.77,17.32,Immediate Intervention,Difficulty nan
904,35,23731,Part-time,Widowed,Mississauga,Ontario,107626.71,4.729,20,240,104313.88,Active,694.28,2024-04-08,2044-04-08,2.0,RBC Student Banking,McGill University,Montreal,Quebec,,,,,,,,,47,3747.78,0,0,2023-12-01,Low Income,Mid-Career (35-49),96.92,35.11,Immediate Intervention,Difficulty nan
57,37,0,Unemployed,Divorced,Brandon,Manitoba,105228.94,4.462,15,180,102735.81,Active,802.95,2024-10-08,2039-10-08,2.0,Scotiabank Student Line of Credit,York University,Toronto,Ontario,,,,,,,,,46,2465.18,0,0,2023-12-01,Low Income,Mid-Career (35-49),97.63,inf,Immediate Intervention,Difficulty nan
841,34,65322,Full-time,Married,Edmonton,Alberta,104137.04,3.12,20,240,101609.64,Active,583.82,2024-08-08,2044-08-08,2.0,Royal Bank of Canada,Dalhousie University,Halifax,Nova Scotia,,,,,,,,,47,4564.25,0,0,2023-12-03,Medium Income,Young Professional (25-34),97.57,10.73,Immediate Intervention,Difficulty nan
169,28,20391,Part-time,Divorced,Steinbach,Manitoba,103792.2,2.774,25,300,96597.76,Active,480.08,2023-11-08,2048-11-08,2.0,Bank of Nova Scotia,University of Saskatchewan,Saskatoon,Saskatchewan,,,,,,,,,47,5286.58,0,0,2023-12-01,Low Income,Young Professional (25-34),93.07,28.25,Immediate Intervention,Difficulty nan
366,22,0,Unemployed,Married,Quebec City,Quebec,102888.06,3.35,25,300,99528.71,Active,506.84,2025-01-08,2050-01-08,2.0,Canada Student Loans Program,Ryerson University,Toronto,Ontario,,,,,,,,,47,1389.26,0,0,2023-12-01,Low Income,Young Adult (18-24),96.73,inf,Immediate Intervention,Difficulty nan
831,19,63168,Full-time,Widowed,Hamilton,Ontario,102249.84,4.123,20,240,95681.19,Active,626.26,2023-11-08,2043-11-08,2.0,Provincial Student Aid,University of Toronto,Toronto,Ontario,,,,,,,,,47,3485.02,0,0,2023-12-01,Medium Income,Young Adult (18-24),93.58,11.9,Immediate Intervention,Difficulty nan
935,33,0,Unemployed,Married,Steinbach,Manitoba,97615.3,7.514,20,240,86594.57,Active,787.22,2021-11-08,2041-11-08,2.0,BMO Student Banking Program,University of Ottawa,Ottawa,Ontario,,,,,,,,,47,2712.55,0,0,2023-12-11,Low Income,Young Professional (25-34),88.71,inf,Immediate Intervention,Difficulty nan
871,33,19956,Part-time,Married,Calgary,Alberta,95138.56,7.107,15,180,92084.29,Active,860.83,2024-12-08,2039-12-08,2.0,TD Canada Trust,University of Waterloo,Waterloo,Ontario,,,,,,,,,47,4459.21,0,0,2023-12-03,Low Income,Young Professional (25-34),96.79,51.76,Immediate Intervention,Difficulty nan
817,22,18349,Part-time,Widowed,Winnipeg,Manitoba,85371.33,8.443,20,240,77187.71,Active,737.8,2022-02-08,2042-02-08,2.0,TD Student Line of Credit,University of British Columbia,Vancouver,British Columbia,,,,,,,,,47,2835.5,0,0,2023-12-11,Low Income,Young Adult (18-24),90.41,48.25,Immediate Intervention,Difficulty nan
700,22,22995,Part-time,Widowed,Toronto,Ontario,81944.6,4.922000000000001,20,240,71783.35,Active,537.27,2022-06-08,2042-06-08,2.0,Royal Bank of Canada,University of British Columbia,Vancouver,British Columbia,,,,,,,,,47,1654.37,0,0,2023-12-06,Low Income,Young Adult (18-24),87.6,28.04,Immediate Intervention,Difficulty nan
253,22,73306,Full-time,Divorced,Winnipeg,Manitoba,77209.38,8.354,25,300,75394.45,Active,614.13,2023-06-08,2048-06-08,2.0,Royal Bank of Canada,University of Waterloo,Waterloo,Ontario,,,,,,,,,47,3327.0800000000004,0,0,2023-12-01,High Income,Young Adult (18-24),97.65,10.05,Immediate Intervention,Difficulty nan
846,30,55789,Full-time,Single,Brandon,Manitoba,74656.63,6.44,25,300,72649.36,Active,501.29,2023-09-08,2048-09-08,2.0,CIBC,Dalhousie University,Halifax,Nova Scotia,,,,,,,,,47,2323.16,0,0,2023-12-03,Medium Income,Young Professional (25-34),97.31,10.78,Immediate Intervention,Difficulty nan
201,37,0,Unemployed,Widowed,Quebec City,Quebec,68677.26,3.03,25,300,66494.94,Active,326.75,2024-08-08,2049-08-08,2.0,TD Student Line of Credit,York University,Toronto,Ontario,,,,,,,,,46,4570.31,0,0,2023-12-01,Low Income,Mid-Career (35-49),96.82,inf,Immediate Intervention,Difficulty nan
588,24,0,Unemployed,Widowed,Edmonton,Alberta,62303.22,4.609,15,180,51913.56,Active,480.09,2021-12-08,2036-12-08,2.0,Royal Bank of Canada,University of Waterloo,Waterloo,Ontario,,,,,,,,,47,1267.43,0,0,2023-12-02,Low Income,Young Adult (18-24),83.32,inf,Immediate Intervention,Difficulty nan
917,25,16771,Part-time,Divorced,Winnipeg,Manitoba,57523.43,5.717,20,240,52174.9,Active,402.78,2022-02-08,2042-02-08,2.0,BMO Student Banking Program,University of Waterloo,Waterloo,Ontario,,,,,,,,,47,2068.7,0,0,2023-12-02,Low Income,Young Professional (25-34),90.7,28.82,Immediate Intervention,Difficulty nan
